hostname,os,environment,country,node
LPIRL001,Linux,Production,Ireland,1
ATITA001,AIX,Testing,Italy,1
STDEU001,Solaris,Testing,Germany,1
ADITA001,AIX,Development,Italy,1
HDFRA001,HP-UX,Development,France,1
LDFRA001,Linux,Development,France,1
APNOR001,AIX,Production,Norway,1
LDFRA002,Linux,Development,France,2
SSIRL001,Solaris,Staging,Ireland,1
LDFRA003,Linux,Development,France,3
SPESP001,Solaris,Production,Spain,1
LPIRL002,Linux,Production,Ireland,2
ATFRA001,AIX,Testing,France,1
LTDEU001,Linux,Testing,Germany,1
ASDEU001,AIX,Staging,Germany,1
APIRL001,AIX,Production,Ireland,1
APITA001,AIX,Production,Italy,1
LIESP001,Linux,Integration,Spain,1
LTITA001,Linux,Testing,Italy,1
AIDEU001,AIX,Integration,Germany,1
LSIRL001,Linux,Staging,Ireland,1
SDFRA001,Solaris,Development,France,1
ASDEU002,AIX,Staging,Germany,2
ASESP001,AIX,Staging,Spain,1
SSIRL002,Solaris,Staging,Ireland,2
LTITA002,Linux,Testing,Italy,2
SPDEU001,Solaris,Production,Germany,1
LTITA003,Linux,Testing,Italy,3
LIITA001,Linux,Integration,Italy,1
ATITA002,AIX,Testing,Italy,2
LSITA001,Linux,Staging,Italy,1
ADDEU001,AIX,Development,Germany,1
STDEU002,Solaris,Testing,Germany,2
SIESP001,Solaris,Integration,Spain,1
HPITA001,HP-UX,Production,Italy,1
SSESP001,Solaris,Staging,Spain,1
LTITA004,Linux,Testing,Italy,4
LPITA001,Linux,Production,Italy,1
ASITA001,AIX,Staging,Italy,1
SPESP002,Solaris,Production,Spain,2
LSIRL002,Linux,Staging,Ireland,2
STESP001,Solaris,Testing,Spain,1
SPITA001,Solaris,Production,Italy,1
SPESP003,Solaris,Production,Spain,3
ASNOR001,AIX,Staging,Norway,1
LPIRL003,Linux,Production,Ireland,3
APITA002,AIX,Production,Italy,2
SPDEU002,Solaris,Production,Germany,2
STFRA001,Solaris,Testing,France,1
SDESP001,Solaris,Development,Spain,1
LPESP001,Linux,Production,Spain,1
APESP001,AIX,Production,Spain,1
HTIRL001,HP-UX,Testing,Ireland,1
LSIRL003,Linux,Staging,Ireland,3
APIRL002,AIX,Production,Ireland,2
LPITA002,Linux,Production,Italy,2
SPDEU003,Solaris,Production,Germany,3
STESP002,Solaris,Testing,Spain,2
HIESP001,HP-UX,Integration,Spain,1
LPIRL004,Linux,Production,Ireland,4
SPITA002,Solaris,Production,Italy,2
LIDEU001,Linux,Integration,Germany,1
SPNOR001,Solaris,Production,Norway,1
STDEU003,Solaris,Testing,Germany,3
LSDEU001,Linux,Staging,Germany,1
SPESP004,Solaris,Production,Spain,4
LTDEU002,Linux,Testing,Germany,2
APDEU001,AIX,Production,Germany,1
LDDEU001,Linux,Development,Germany,1
LTIRL001,Linux,Testing,Ireland,1
ATIRL001,AIX,Testing,Ireland,1
HPESP001,HP-UX,Production,Spain,1
LPITA003,Linux,Production,Italy,3
SSESP002,Solaris,Staging,Spain,2
SDDEU001,Solaris,Development,Germany,1
HPIRL001,HP-UX,Production,Ireland,1
AIESP001,AIX,Integration,Spain,1
LPDEU001,Linux,Production,Germany,1
LSFRA001,Linux,Staging,France,1
STDEU004,Solaris,Testing,Germany,4
LSDEU002,Linux,Staging,Germany,2
SPIRL001,Solaris,Production,Ireland,1
ATESP001,AIX,Testing,Spain,1
SSDEU001,Solaris,Staging,Germany,1
ATITA003,AIX,Testing,Italy,3
LPIRL005,Linux,Production,Ireland,5
SSITA001,Solaris,Staging,Italy,1
APIRL003,AIX,Production,Ireland,3
LTDEU003,Linux,Testing,Germany,3
LIDEU002,Linux,Integration,Germany,2
LTITA005,Linux,Testing,Italy,5
ATIRL002,AIX,Testing,Ireland,2
LIIRL001,Linux,Integration,Ireland,1
LPITA004,Linux,Production,Italy,4
LTIRL002,Linux,Testing,Ireland,2
ADITA002,AIX,Development,Italy,2
LTIRL003,Linux,Testing,Ireland,3
SPFRA001,Solaris,Production,France,1
SIITA001,Solaris,Integration,Italy,1
LPIRL006,Linux,Production,Ireland,6
ATESP002,AIX,Testing,Spain,2
LPDEU002,Linux,Production,Germany,2
LPESP002,Linux,Production,Spain,2
LINOR001,Linux,Integration,Norway,1
SPITA003,Solaris,Production,Italy,3
LSIRL004,Linux,Staging,Ireland,4
LIIRL002,Linux,Integration,Ireland,2
LPIRL007,Linux,Production,Ireland,7
SPITA004,Solaris,Production,Italy,4
STITA001,Solaris,Testing,Italy,1
HIESP002,HP-UX,Integration,Spain,2
LPITA005,Linux,Production,Italy,5
SSESP003,Solaris,Staging,Spain,3
HDDEU001,HP-UX,Development,Germany,1
LPFRA001,Linux,Production,France,1
SSFRA001,Solaris,Staging,France,1
ASIRL001,AIX,Staging,Ireland,1
LDNOR001,Linux,Development,Norway,1
APIRL004,AIX,Production,Ireland,4
AIESP002,AIX,Integration,Spain,2
ADIRL001,AIX,Development,Ireland,1
LTIRL004,Linux,Testing,Ireland,4
HSESP001,HP-UX,Staging,Spain,1
SPESP005,Solaris,Production,Spain,5
STESP003,Solaris,Testing,Spain,3
LTESP001,Linux,Testing,Spain,1
LPDEU003,Linux,Production,Germany,3
ATIRL003,AIX,Testing,Ireland,3
APDEU002,AIX,Production,Germany,2
LIDEU003,Linux,Integration,Germany,3
ADESP001,AIX,Development,Spain,1
LPDEU004,Linux,Production,Germany,4
SPITA005,Solaris,Production,Italy,5
LIESP002,Linux,Integration,Spain,2
ADDEU002,AIX,Development,Germany,2
LSIRL005,Linux,Staging,Ireland,5
LSESP001,Linux,Staging,Spain,1
ATDEU001,AIX,Testing,Germany,1
SSESP004,Solaris,Staging,Spain,4
STESP004,Solaris,Testing,Spain,4
LTITA006,Linux,Testing,Italy,6
APFRA001,AIX,Production,France,1
APITA003,AIX,Production,Italy,3
STIRL001,Solaris,Testing,Ireland,1
LDITA001,Linux,Development,Italy,1
HIESP003,HP-UX,Integration,Spain,3
LSIRL006,Linux,Staging,Ireland,6
HPFRA001,HP-UX,Production,France,1
SPESP006,Solaris,Production,Spain,6
ATDEU002,AIX,Testing,Germany,2
SPESP007,Solaris,Production,Spain,7
LTDEU004,Linux,Testing,Germany,4
LPDEU005,Linux,Production,Germany,5
ATIRL004,AIX,Testing,Ireland,4
LSIRL007,Linux,Staging,Ireland,7
SIIRL001,Solaris,Integration,Ireland,1
HDNOR001,HP-UX,Development,Norway,1
LPFRA002,Linux,Production,France,2
SSIRL003,Solaris,Staging,Ireland,3
LTIRL005,Linux,Testing,Ireland,5
LPFRA003,Linux,Production,France,3
LDIRL001,Linux,Development,Ireland,1
LPIRL008,Linux,Production,Ireland,8
LTDEU005,Linux,Testing,Germany,5
LTITA007,Linux,Testing,Italy,7
LPIRL009,Linux,Production,Ireland,9
APIRL005,AIX,Production,Ireland,5
HDIRL001,HP-UX,Development,Ireland,1
LTITA008,Linux,Testing,Italy,8
STIRL002,Solaris,Testing,Ireland,2
HINOR001,HP-UX,Integration,Norway,1
ASITA002,AIX,Staging,Italy,2
LTDEU006,Linux,Testing,Germany,6
SDIRL001,Solaris,Development,Ireland,1
SPIRL002,Solaris,Production,Ireland,2
LSESP002,Linux,Staging,Spain,2
STDEU005,Solaris,Testing,Germany,5
SPIRL003,Solaris,Production,Ireland,3
LSIRL008,Linux,Staging,Ireland,8
SSIRL004,Solaris,Staging,Ireland,4
ATESP003,AIX,Testing,Spain,3
LSDEU003,Linux,Staging,Germany,3
SSITA002,Solaris,Staging,Italy,2
STIRL003,Solaris,Testing,Ireland,3
LTIRL006,Linux,Testing,Ireland,6
LPFRA004,Linux,Production,France,4
LSDEU004,Linux,Staging,Germany,4
HDIRL002,HP-UX,Development,Ireland,2
APDEU003,AIX,Production,Germany,3
LSESP003,Linux,Staging,Spain,3
HPESP002,HP-UX,Production,Spain,2
LDDEU002,Linux,Development,Germany,2
LSESP004,Linux,Staging,Spain,4
HPFRA002,HP-UX,Production,France,2
LSITA002,Linux,Staging,Italy,2
SPITA006,Solaris,Production,Italy,6
SSIRL005,Solaris,Staging,Ireland,5
HSNOR001,HP-UX,Staging,Norway,1
LIIRL003,Linux,Integration,Ireland,3
SDESP002,Solaris,Development,Spain,2
ASDEU003,AIX,Staging,Germany,3
SIFRA001,Solaris,Integration,France,1
LSIRL009,Linux,Staging,Ireland,9
LSESP005,Linux,Staging,Spain,5
STIRL004,Solaris,Testing,Ireland,4
LPDEU006,Linux,Production,Germany,6
ATIRL005,AIX,Testing,Ireland,5
SSIRL006,Solaris,Staging,Ireland,6
HTNOR001,HP-UX,Testing,Norway,1
HTDEU001,HP-UX,Testing,Germany,1
LSIRL010,Linux,Staging,Ireland,10
SPIRL004,Solaris,Production,Ireland,4
ADIRL002,AIX,Development,Ireland,2
LSESP006,Linux,Staging,Spain,6
LDDEU003,Linux,Development,Germany,3
HIESP004,HP-UX,Integration,Spain,4
LSDEU005,Linux,Staging,Germany,5
LPITA006,Linux,Production,Italy,6
LTDEU007,Linux,Testing,Germany,7
HTIRL002,HP-UX,Testing,Ireland,2
SSDEU002,Solaris,Staging,Germany,2
HTITA001,HP-UX,Testing,Italy,1
SPITA007,Solaris,Production,Italy,7
LSDEU006,Linux,Staging,Germany,6
HSESP002,HP-UX,Staging,Spain,2
LSDEU007,Linux,Staging,Germany,7
LPESP003,Linux,Production,Spain,3
HSFRA001,HP-UX,Staging,France,1
LPIRL010,Linux,Production,Ireland,10
STIRL005,Solaris,Testing,Ireland,5
LSDEU008,Linux,Staging,Germany,8
ASNOR002,AIX,Staging,Norway,2
APDEU004,AIX,Production,Germany,4
LIITA002,Linux,Integration,Italy,2
SSITA003,Solaris,Staging,Italy,3
HPFRA003,HP-UX,Production,France,3
LTIRL007,Linux,Testing,Ireland,7
LTESP002,Linux,Testing,Spain,2
STDEU006,Solaris,Testing,Germany,6
SSFRA002,Solaris,Staging,France,2
ATDEU003,AIX,Testing,Germany,3
APDEU005,AIX,Production,Germany,5
LPIRL011,Linux,Production,Ireland,11
ATIRL006,AIX,Testing,Ireland,6
LSDEU009,Linux,Staging,Germany,9
LDIRL002,Linux,Development,Ireland,2
LPDEU007,Linux,Production,Germany,7
SDESP003,Solaris,Development,Spain,3
LPESP004,Linux,Production,Spain,4
LIFRA001,Linux,Integration,France,1
HDDEU002,HP-UX,Development,Germany,2
SPIRL005,Solaris,Production,Ireland,5
HTIRL003,HP-UX,Testing,Ireland,3
HSIRL001,HP-UX,Staging,Ireland,1
APITA004,AIX,Production,Italy,4
LSNOR001,Linux,Staging,Norway,1
STDEU007,Solaris,Testing,Germany,7
HSIRL002,HP-UX,Staging,Ireland,2
STFRA002,Solaris,Testing,France,2
AIFRA001,AIX,Integration,France,1
LPNOR001,Linux,Production,Norway,1
LIDEU004,Linux,Integration,Germany,4
ADIRL003,AIX,Development,Ireland,3
SPIRL006,Solaris,Production,Ireland,6
LPDEU008,Linux,Production,Germany,8
APFRA002,AIX,Production,France,2
AIIRL001,AIX,Integration,Ireland,1
APITA005,AIX,Production,Italy,5
LSESP007,Linux,Staging,Spain,7
LIDEU005,Linux,Integration,Germany,5
SSDEU003,Solaris,Staging,Germany,3
SPDEU004,Solaris,Production,Germany,4
SIDEU001,Solaris,Integration,Germany,1
LPDEU009,Linux,Production,Germany,9
ATIRL007,AIX,Testing,Ireland,7
APNOR002,AIX,Production,Norway,2
ASDEU004,AIX,Staging,Germany,4
LSIRL011,Linux,Staging,Ireland,11
ATIRL008,AIX,Testing,Ireland,8
HTFRA001,HP-UX,Testing,France,1
ATESP004,AIX,Testing,Spain,4
LPIRL012,Linux,Production,Ireland,12
LPDEU010,Linux,Production,Germany,10
STIRL006,Solaris,Testing,Ireland,6
ATNOR001,AIX,Testing,Norway,1
SPDEU005,Solaris,Production,Germany,5
HSIRL003,HP-UX,Staging,Ireland,3
LIIRL004,Linux,Integration,Ireland,4
APITA006,AIX,Production,Italy,6
HTESP001,HP-UX,Testing,Spain,1
AIESP003,AIX,Integration,Spain,3
LTIRL008,Linux,Testing,Ireland,8
LTESP003,Linux,Testing,Spain,3
AIIRL002,AIX,Integration,Ireland,2
LTESP004,Linux,Testing,Spain,4
LIITA003,Linux,Integration,Italy,3
ASDEU005,AIX,Staging,Germany,5
LSITA003,Linux,Staging,Italy,3
ATDEU004,AIX,Testing,Germany,4
SPITA008,Solaris,Production,Italy,8
LDESP001,Linux,Development,Spain,1
HPITA002,HP-UX,Production,Italy,2
STIRL007,Solaris,Testing,Ireland,7
LIDEU006,Linux,Integration,Germany,6
ATDEU005,AIX,Testing,Germany,5
SSDEU004,Solaris,Staging,Germany,4
STIRL008,Solaris,Testing,Ireland,8
APESP002,AIX,Production,Spain,2
LTFRA001,Linux,Testing,France,1
LSESP008,Linux,Staging,Spain,8
ATFRA002,AIX,Testing,France,2
LPESP005,Linux,Production,Spain,5
APIRL006,AIX,Production,Ireland,6
STDEU008,Solaris,Testing,Germany,8
SPESP008,Solaris,Production,Spain,8
LTIRL009,Linux,Testing,Ireland,9
LDESP002,Linux,Development,Spain,2
SPITA009,Solaris,Production,Italy,9
LDIRL003,Linux,Development,Ireland,3
SPDEU006,Solaris,Production,Germany,6
SDIRL002,Solaris,Development,Ireland,2
ATITA004,AIX,Testing,Italy,4
LPIRL013,Linux,Production,Ireland,13
LDESP003,Linux,Development,Spain,3
STESP005,Solaris,Testing,Spain,5
ASIRL002,AIX,Staging,Ireland,2
LPESP006,Linux,Production,Spain,6
LSIRL012,Linux,Staging,Ireland,12
HPIRL002,HP-UX,Production,Ireland,2
SPIRL007,Solaris,Production,Ireland,7
LPESP007,Linux,Production,Spain,7
ASFRA001,AIX,Staging,France,1
LSDEU010,Linux,Staging,Germany,10
LPESP008,Linux,Production,Spain,8
LTIRL010,Linux,Testing,Ireland,10
LTDEU008,Linux,Testing,Germany,8
HDIRL003,HP-UX,Development,Ireland,3
STDEU009,Solaris,Testing,Germany,9
HDITA001,HP-UX,Development,Italy,1
STIRL009,Solaris,Testing,Ireland,9
LTESP005,Linux,Testing,Spain,5
LSESP009,Linux,Staging,Spain,9
LSNOR002,Linux,Staging,Norway,2
LTDEU009,Linux,Testing,Germany,9
LSDEU011,Linux,Staging,Germany,11
LPESP009,Linux,Production,Spain,9
LSIRL013,Linux,Staging,Ireland,13
APFRA003,AIX,Production,France,3
ATIRL009,AIX,Testing,Ireland,9
LSIRL014,Linux,Staging,Ireland,14
SIDEU002,Solaris,Integration,Germany,2
LTDEU010,Linux,Testing,Germany,10
LPIRL014,Linux,Production,Ireland,14
SDITA001,Solaris,Development,Italy,1
HPFRA004,HP-UX,Production,France,4
SSIRL007,Solaris,Staging,Ireland,7
AIITA001,AIX,Integration,Italy,1
APIRL007,AIX,Production,Ireland,7
SPIRL008,Solaris,Production,Ireland,8
LPDEU011,Linux,Production,Germany,11
SSFRA003,Solaris,Staging,France,3
LSNOR003,Linux,Staging,Norway,3
LPIRL015,Linux,Production,Ireland,15
LDITA002,Linux,Development,Italy,2
APFRA004,AIX,Production,France,4
APIRL008,AIX,Production,Ireland,8
LTIRL011,Linux,Testing,Ireland,11
HSESP003,HP-UX,Staging,Spain,3
LIIRL005,Linux,Integration,Ireland,5
LSIRL015,Linux,Staging,Ireland,15
ATDEU006,AIX,Testing,Germany,6
ASDEU006,AIX,Staging,Germany,6
APESP003,AIX,Production,Spain,3
LTIRL012,Linux,Testing,Ireland,12
SPNOR002,Solaris,Production,Norway,2
LSESP010,Linux,Staging,Spain,10
SDIRL003,Solaris,Development,Ireland,3
SSFRA004,Solaris,Staging,France,4
LTESP006,Linux,Testing,Spain,6
SIDEU003,Solaris,Integration,Germany,3
APITA007,AIX,Production,Italy,7
LSIRL016,Linux,Staging,Ireland,16
LDESP004,Linux,Development,Spain,4
LDESP005,Linux,Development,Spain,5
SSDEU005,Solaris,Staging,Germany,5
HPITA003,HP-UX,Production,Italy,3
LSIRL017,Linux,Staging,Ireland,17
SPITA010,Solaris,Production,Italy,10
HTITA002,HP-UX,Testing,Italy,2
AIIRL003,AIX,Integration,Ireland,3
SSIRL008,Solaris,Staging,Ireland,8
LPFRA005,Linux,Production,France,5
HPDEU001,HP-UX,Production,Germany,1
SSFRA005,Solaris,Staging,France,5
LTFRA002,Linux,Testing,France,2
LPDEU012,Linux,Production,Germany,12
SDITA002,Solaris,Development,Italy,2
HPESP003,HP-UX,Production,Spain,3
SSIRL009,Solaris,Staging,Ireland,9
LPFRA006,Linux,Production,France,6
ATDEU007,AIX,Testing,Germany,7
LTESP007,Linux,Testing,Spain,7
SPDEU007,Solaris,Production,Germany,7
LTNOR001,Linux,Testing,Norway,1
LSESP011,Linux,Staging,Spain,11
LTIRL013,Linux,Testing,Ireland,13
SSITA004,Solaris,Staging,Italy,4
APDEU006,AIX,Production,Germany,6
APIRL009,AIX,Production,Ireland,9
STFRA003,Solaris,Testing,France,3
HPESP004,HP-UX,Production,Spain,4
STITA002,Solaris,Testing,Italy,2
HINOR002,HP-UX,Integration,Norway,2
LDIRL004,Linux,Development,Ireland,4
SIESP002,Solaris,Integration,Spain,2
LPITA007,Linux,Production,Italy,7
LDIRL005,Linux,Development,Ireland,5
LPITA008,Linux,Production,Italy,8
SPFRA002,Solaris,Production,France,2
ATIRL010,AIX,Testing,Ireland,10
LSFRA002,Linux,Staging,France,2
LTIRL014,Linux,Testing,Ireland,14
LIIRL006,Linux,Integration,Ireland,6
LDIRL006,Linux,Development,Ireland,6
ASITA003,AIX,Staging,Italy,3
LTNOR002,Linux,Testing,Norway,2
AINOR001,AIX,Integration,Norway,1
SPESP009,Solaris,Production,Spain,9
LTDEU011,Linux,Testing,Germany,11
SSIRL010,Solaris,Staging,Ireland,10
LTESP008,Linux,Testing,Spain,8
LPESP010,Linux,Production,Spain,10
SDIRL004,Solaris,Development,Ireland,4
LTITA009,Linux,Testing,Italy,9
APIRL010,AIX,Production,Ireland,10
AIDEU002,AIX,Integration,Germany,2
LTIRL015,Linux,Testing,Ireland,15
LTNOR003,Linux,Testing,Norway,3
STITA003,Solaris,Testing,Italy,3
HTESP002,HP-UX,Testing,Spain,2
STDEU010,Solaris,Testing,Germany,10
SIIRL002,Solaris,Integration,Ireland,2
HPITA004,HP-UX,Production,Italy,4
LTIRL016,Linux,Testing,Ireland,16
SPITA011,Solaris,Production,Italy,11
STIRL010,Solaris,Testing,Ireland,10
ATNOR002,AIX,Testing,Norway,2
LPIRL016,Linux,Production,Ireland,16
AIDEU003,AIX,Integration,Germany,3
STESP006,Solaris,Testing,Spain,6
LTNOR004,Linux,Testing,Norway,4
HPITA005,HP-UX,Production,Italy,5
ATIRL011,AIX,Testing,Ireland,11
SPFRA003,Solaris,Production,France,3
LPDEU013,Linux,Production,Germany,13
LTITA010,Linux,Testing,Italy,10
LTDEU012,Linux,Testing,Germany,12
LPITA009,Linux,Production,Italy,9
HDFRA002,HP-UX,Development,France,2
SSFRA006,Solaris,Staging,France,6
SPIRL009,Solaris,Production,Ireland,9
LSESP012,Linux,Staging,Spain,12
LTESP009,Linux,Testing,Spain,9
SSFRA007,Solaris,Staging,France,7
LPESP011,Linux,Production,Spain,11
APIRL011,AIX,Production,Ireland,11
ATIRL012,AIX,Testing,Ireland,12
HPIRL003,HP-UX,Production,Ireland,3
SDNOR001,Solaris,Development,Norway,1
LTFRA003,Linux,Testing,France,3
HPESP005,HP-UX,Production,Spain,5
SPDEU008,Solaris,Production,Germany,8
HIDEU001,HP-UX,Integration,Germany,1
STIRL011,Solaris,Testing,Ireland,11
LIITA004,Linux,Integration,Italy,4
LTIRL017,Linux,Testing,Ireland,17
HPNOR001,HP-UX,Production,Norway,1
APFRA005,AIX,Production,France,5
ASITA004,AIX,Staging,Italy,4
SSFRA008,Solaris,Staging,France,8
SPFRA004,Solaris,Production,France,4
SSDEU006,Solaris,Staging,Germany,6
STDEU011,Solaris,Testing,Germany,11
ADESP002,AIX,Development,Spain,2
LPESP012,Linux,Production,Spain,12
LPITA010,Linux,Production,Italy,10
HPIRL004,HP-UX,Production,Ireland,4
APIRL012,AIX,Production,Ireland,12
HTNOR002,HP-UX,Testing,Norway,2
LTDEU013,Linux,Testing,Germany,13
LTDEU014,Linux,Testing,Germany,14
LSESP013,Linux,Staging,Spain,13
ASESP002,AIX,Staging,Spain,2
APIRL013,AIX,Production,Ireland,13
SIFRA002,Solaris,Integration,France,2
SDDEU002,Solaris,Development,Germany,2
STESP007,Solaris,Testing,Spain,7
LPESP013,Linux,Production,Spain,13
SDITA003,Solaris,Development,Italy,3
LDIRL007,Linux,Development,Ireland,7
LTESP010,Linux,Testing,Spain,10
LTESP011,Linux,Testing,Spain,11
LPDEU014,Linux,Production,Germany,14
ATIRL013,AIX,Testing,Ireland,13
LSIRL018,Linux,Staging,Ireland,18
ASIRL003,AIX,Staging,Ireland,3
HTITA003,HP-UX,Testing,Italy,3
SPNOR003,Solaris,Production,Norway,3
LPIRL017,Linux,Production,Ireland,17
SSITA005,Solaris,Staging,Italy,5
SPESP010,Solaris,Production,Spain,10
SPESP011,Solaris,Production,Spain,11
ASIRL004,AIX,Staging,Ireland,4
SSESP005,Solaris,Staging,Spain,5
ATFRA003,AIX,Testing,France,3
APITA008,AIX,Production,Italy,8
APIRL014,AIX,Production,Ireland,14
ASESP003,AIX,Staging,Spain,3
ADFRA001,AIX,Development,France,1
APIRL015,AIX,Production,Ireland,15
HIITA001,HP-UX,Integration,Italy,1
STITA004,Solaris,Testing,Italy,4
SSFRA009,Solaris,Staging,France,9
STIRL012,Solaris,Testing,Ireland,12
LTIRL018,Linux,Testing,Ireland,18
LSIRL019,Linux,Staging,Ireland,19
STESP008,Solaris,Testing,Spain,8
ASIRL005,AIX,Staging,Ireland,5
LTNOR005,Linux,Testing,Norway,5
LDFRA004,Linux,Development,France,4
LTIRL019,Linux,Testing,Ireland,19
STITA005,Solaris,Testing,Italy,5
LSDEU012,Linux,Staging,Germany,12
LDITA003,Linux,Development,Italy,3
SPDEU009,Solaris,Production,Germany,9
SDFRA002,Solaris,Development,France,2
LTIRL020,Linux,Testing,Ireland,20
SSITA006,Solaris,Staging,Italy,6
HTIRL004,HP-UX,Testing,Ireland,4
APIRL016,AIX,Production,Ireland,16
APITA009,AIX,Production,Italy,9
SDNOR002,Solaris,Development,Norway,2
LPIRL018,Linux,Production,Ireland,18
SSESP006,Solaris,Staging,Spain,6
SSIRL011,Solaris,Staging,Ireland,11
LIESP003,Linux,Integration,Spain,3
ASDEU007,AIX,Staging,Germany,7
ATITA005,AIX,Testing,Italy,5
LTFRA004,Linux,Testing,France,4
ADDEU003,AIX,Development,Germany,3
LSESP014,Linux,Staging,Spain,14
SPITA012,Solaris,Production,Italy,12
SIIRL003,Solaris,Integration,Ireland,3
SDFRA003,Solaris,Development,France,3
LSFRA003,Linux,Staging,France,3
SPFRA005,Solaris,Production,France,5
HTIRL005,HP-UX,Testing,Ireland,5
STITA006,Solaris,Testing,Italy,6
SSITA007,Solaris,Staging,Italy,7
LTESP012,Linux,Testing,Spain,12
LSITA004,Linux,Staging,Italy,4
AIFRA002,AIX,Integration,France,2
HPDEU002,HP-UX,Production,Germany,2
SPITA013,Solaris,Production,Italy,13
SPDEU010,Solaris,Production,Germany,10
LPDEU015,Linux,Production,Germany,15
LTDEU015,Linux,Testing,Germany,15
LDDEU004,Linux,Development,Germany,4
LSESP015,Linux,Staging,Spain,15
LSITA005,Linux,Staging,Italy,5
ASIRL006,AIX,Staging,Ireland,6
LTNOR006,Linux,Testing,Norway,6
LSIRL020,Linux,Staging,Ireland,20
LTFRA005,Linux,Testing,France,5
LSESP016,Linux,Staging,Spain,16
STFRA004,Solaris,Testing,France,4
LTITA011,Linux,Testing,Italy,11
HSESP004,HP-UX,Staging,Spain,4
HPDEU003,HP-UX,Production,Germany,3
SDESP004,Solaris,Development,Spain,4
LSDEU013,Linux,Staging,Germany,13
ASDEU008,AIX,Staging,Germany,8
SDIRL005,Solaris,Development,Ireland,5
SDITA004,Solaris,Development,Italy,4
SPESP012,Solaris,Production,Spain,12
LPITA011,Linux,Production,Italy,11
LTIRL021,Linux,Testing,Ireland,21
LPESP014,Linux,Production,Spain,14
LPFRA007,Linux,Production,France,7
LSNOR004,Linux,Staging,Norway,4
SPITA014,Solaris,Production,Italy,14
SPFRA006,Solaris,Production,France,6
SPIRL010,Solaris,Production,Ireland,10
HIITA002,HP-UX,Integration,Italy,2
LSDEU014,Linux,Staging,Germany,14
SSIRL012,Solaris,Staging,Ireland,12
LSIRL021,Linux,Staging,Ireland,21
AIITA002,AIX,Integration,Italy,2
SPDEU011,Solaris,Production,Germany,11
APITA010,AIX,Production,Italy,10
LINOR002,Linux,Integration,Norway,2
HDESP001,HP-UX,Development,Spain,1
LSIRL022,Linux,Staging,Ireland,22
SSDEU007,Solaris,Staging,Germany,7
ADIRL004,AIX,Development,Ireland,4
STITA007,Solaris,Testing,Italy,7
LTIRL022,Linux,Testing,Ireland,22
LPITA012,Linux,Production,Italy,12
SSDEU008,Solaris,Staging,Germany,8
ASIRL007,AIX,Staging,Ireland,7
STDEU012,Solaris,Testing,Germany,12
LSESP017,Linux,Staging,Spain,17
LTESP013,Linux,Testing,Spain,13
ASESP004,AIX,Staging,Spain,4
ATNOR003,AIX,Testing,Norway,3
LDDEU005,Linux,Development,Germany,5
SSITA008,Solaris,Staging,Italy,8
LSITA006,Linux,Staging,Italy,6
SSITA009,Solaris,Staging,Italy,9
LSESP018,Linux,Staging,Spain,18
APITA011,AIX,Production,Italy,11
HTITA004,HP-UX,Testing,Italy,4
SDIRL006,Solaris,Development,Ireland,6
HSITA001,HP-UX,Staging,Italy,1
APIRL017,AIX,Production,Ireland,17
SSIRL013,Solaris,Staging,Ireland,13
LPDEU016,Linux,Production,Germany,16
HPESP006,HP-UX,Production,Spain,6
SPDEU012,Solaris,Production,Germany,12
STDEU013,Solaris,Testing,Germany,13
SPDEU013,Solaris,Production,Germany,13
LTITA012,Linux,Testing,Italy,12
ASIRL008,AIX,Staging,Ireland,8
LSESP019,Linux,Staging,Spain,19
AIIRL004,AIX,Integration,Ireland,4
LPESP015,Linux,Production,Spain,15
HIDEU002,HP-UX,Integration,Germany,2
SPITA015,Solaris,Production,Italy,15
STITA008,Solaris,Testing,Italy,8
APIRL018,AIX,Production,Ireland,18
LSIRL023,Linux,Staging,Ireland,23
HDITA002,HP-UX,Development,Italy,2
HPIRL005,HP-UX,Production,Ireland,5
APIRL019,AIX,Production,Ireland,19
AIITA003,AIX,Integration,Italy,3
STITA009,Solaris,Testing,Italy,9
LTITA013,Linux,Testing,Italy,13
SSFRA010,Solaris,Staging,France,10
SPIRL011,Solaris,Production,Ireland,11
LTIRL023,Linux,Testing,Ireland,23
HSFRA002,HP-UX,Staging,France,2
SDIRL007,Solaris,Development,Ireland,7
LPDEU017,Linux,Production,Germany,17
LDDEU006,Linux,Development,Germany,6
LTIRL024,Linux,Testing,Ireland,24
APFRA006,AIX,Production,France,6
ADESP003,AIX,Development,Spain,3
AIITA004,AIX,Integration,Italy,4
SPDEU014,Solaris,Production,Germany,14
SPDEU015,Solaris,Production,Germany,15
LIDEU007,Linux,Integration,Germany,7
LPNOR002,Linux,Production,Norway,2
STIRL013,Solaris,Testing,Ireland,13
LPIRL019,Linux,Production,Ireland,19
LSESP020,Linux,Staging,Spain,20
AIDEU004,AIX,Integration,Germany,4
SIFRA003,Solaris,Integration,France,3
SSESP007,Solaris,Staging,Spain,7
LPIRL020,Linux,Production,Ireland,20
LSIRL024,Linux,Staging,Ireland,24
LPITA013,Linux,Production,Italy,13
HPIRL006,HP-UX,Production,Ireland,6
LSIRL025,Linux,Staging,Ireland,25
APIRL020,AIX,Production,Ireland,20
ASESP005,AIX,Staging,Spain,5
LSESP021,Linux,Staging,Spain,21
LPDEU018,Linux,Production,Germany,18
ASFRA002,AIX,Staging,France,2
SPIRL012,Solaris,Production,Ireland,12
LIESP004,Linux,Integration,Spain,4
LSDEU015,Linux,Staging,Germany,15
SSESP008,Solaris,Staging,Spain,8
SDIRL008,Solaris,Development,Ireland,8
LSIRL026,Linux,Staging,Ireland,26
SPNOR004,Solaris,Production,Norway,4
LPITA014,Linux,Production,Italy,14
APFRA007,AIX,Production,France,7
LTIRL025,Linux,Testing,Ireland,25
LPIRL021,Linux,Production,Ireland,21
LDITA004,Linux,Development,Italy,4
ATDEU008,AIX,Testing,Germany,8
LSITA007,Linux,Staging,Italy,7
LTIRL026,Linux,Testing,Ireland,26
AIDEU005,AIX,Integration,Germany,5
ASIRL009,AIX,Staging,Ireland,9
HPDEU004,HP-UX,Production,Germany,4
LIIRL007,Linux,Integration,Ireland,7
ATDEU009,AIX,Testing,Germany,9
LPIRL022,Linux,Production,Ireland,22
LPIRL023,Linux,Production,Ireland,23
APIRL021,AIX,Production,Ireland,21
ATDEU010,AIX,Testing,Germany,10
AIIRL005,AIX,Integration,Ireland,5
SPIRL013,Solaris,Production,Ireland,13
STDEU014,Solaris,Testing,Germany,14
LDIRL008,Linux,Development,Ireland,8
LTESP014,Linux,Testing,Spain,14
SPNOR005,Solaris,Production,Norway,5
LTDEU016,Linux,Testing,Germany,16
STDEU015,Solaris,Testing,Germany,15
APDEU007,AIX,Production,Germany,7
LTIRL027,Linux,Testing,Ireland,27
LSIRL027,Linux,Staging,Ireland,27
HSITA002,HP-UX,Staging,Italy,2
LPIRL024,Linux,Production,Ireland,24
LSNOR005,Linux,Staging,Norway,5
SPNOR006,Solaris,Production,Norway,6
LTDEU017,Linux,Testing,Germany,17
ATESP005,AIX,Testing,Spain,5
LIESP005,Linux,Integration,Spain,5
SDITA005,Solaris,Development,Italy,5
LTDEU018,Linux,Testing,Germany,18
SDITA006,Solaris,Development,Italy,6
AIDEU006,AIX,Integration,Germany,6
ASDEU009,AIX,Staging,Germany,9
SIIRL004,Solaris,Integration,Ireland,4
HSESP005,HP-UX,Staging,Spain,5
LPDEU019,Linux,Production,Germany,19
LSITA008,Linux,Staging,Italy,8
LSITA009,Linux,Staging,Italy,9
HPFRA005,HP-UX,Production,France,5
LTDEU019,Linux,Testing,Germany,19
SDIRL009,Solaris,Development,Ireland,9
LSESP022,Linux,Staging,Spain,22
ADDEU004,AIX,Development,Germany,4
HSIRL004,HP-UX,Staging,Ireland,4
ADITA003,AIX,Development,Italy,3
LSNOR006,Linux,Staging,Norway,6
SIESP003,Solaris,Integration,Spain,3
STIRL014,Solaris,Testing,Ireland,14
LPFRA008,Linux,Production,France,8
ASDEU010,AIX,Staging,Germany,10
LDIRL009,Linux,Development,Ireland,9
ADDEU005,AIX,Development,Germany,5
LTESP015,Linux,Testing,Spain,15
HSDEU001,HP-UX,Staging,Germany,1
LSIRL028,Linux,Staging,Ireland,28
ASIRL010,AIX,Staging,Ireland,10
LTIRL028,Linux,Testing,Ireland,28
LTDEU020,Linux,Testing,Germany,20
ATIRL014,AIX,Testing,Ireland,14
LTITA014,Linux,Testing,Italy,14
LTESP016,Linux,Testing,Spain,16
ADDEU006,AIX,Development,Germany,6
LSIRL029,Linux,Staging,Ireland,29
LPESP016,Linux,Production,Spain,16
ASFRA003,AIX,Staging,France,3
LTIRL029,Linux,Testing,Ireland,29
LSESP023,Linux,Staging,Spain,23
LPESP017,Linux,Production,Spain,17
LDITA005,Linux,Development,Italy,5
LTESP017,Linux,Testing,Spain,17
LPDEU020,Linux,Production,Germany,20
HPDEU005,HP-UX,Production,Germany,5
SSDEU009,Solaris,Staging,Germany,9
LDIRL010,Linux,Development,Ireland,10
SPITA016,Solaris,Production,Italy,16
STDEU016,Solaris,Testing,Germany,16
LTNOR007,Linux,Testing,Norway,7
LDFRA005,Linux,Development,France,5
ATESP006,AIX,Testing,Spain,6
ASESP006,AIX,Staging,Spain,6
SPFRA007,Solaris,Production,France,7
SSDEU010,Solaris,Staging,Germany,10
LDIRL011,Linux,Development,Ireland,11
STITA010,Solaris,Testing,Italy,10
ADDEU007,AIX,Development,Germany,7
APIRL022,AIX,Production,Ireland,22
STITA011,Solaris,Testing,Italy,11
ATDEU011,AIX,Testing,Germany,11
LPDEU021,Linux,Production,Germany,21
LIFRA002,Linux,Integration,France,2
SPIRL014,Solaris,Production,Ireland,14
ATIRL015,AIX,Testing,Ireland,15
LSIRL030,Linux,Staging,Ireland,30
LIITA005,Linux,Integration,Italy,5
SPITA017,Solaris,Production,Italy,17
LIESP006,Linux,Integration,Spain,6
ADDEU008,AIX,Development,Germany,8
HTDEU002,HP-UX,Testing,Germany,2
SPIRL015,Solaris,Production,Ireland,15
SSESP009,Solaris,Staging,Spain,9
LPITA015,Linux,Production,Italy,15
LTITA015,Linux,Testing,Italy,15
SSESP010,Solaris,Staging,Spain,10
LTESP018,Linux,Testing,Spain,18
LTDEU021,Linux,Testing,Germany,21
SPIRL016,Solaris,Production,Ireland,16
LTDEU022,Linux,Testing,Germany,22
LPFRA009,Linux,Production,France,9
SSDEU011,Solaris,Staging,Germany,11
APDEU008,AIX,Production,Germany,8
APDEU009,AIX,Production,Germany,9
STITA012,Solaris,Testing,Italy,12
LSITA010,Linux,Staging,Italy,10
HIDEU003,HP-UX,Integration,Germany,3
APESP004,AIX,Production,Spain,4
SSDEU012,Solaris,Staging,Germany,12
LSIRL031,Linux,Staging,Ireland,31
HSIRL005,HP-UX,Staging,Ireland,5
APIRL023,AIX,Production,Ireland,23
LTDEU023,Linux,Testing,Germany,23
SPIRL017,Solaris,Production,Ireland,17
LPIRL025,Linux,Production,Ireland,25
LTITA016,Linux,Testing,Italy,16
LPIRL026,Linux,Production,Ireland,26
LPITA016,Linux,Production,Italy,16
HTIRL006,HP-UX,Testing,Ireland,6
LTDEU024,Linux,Testing,Germany,24
HSIRL006,HP-UX,Staging,Ireland,6
LSITA011,Linux,Staging,Italy,11
ATESP007,AIX,Testing,Spain,7
HPESP007,HP-UX,Production,Spain,7
LPDEU022,Linux,Production,Germany,22
LTIRL030,Linux,Testing,Ireland,30
LTESP019,Linux,Testing,Spain,19
STDEU017,Solaris,Testing,Germany,17
HDNOR002,HP-UX,Development,Norway,2
HDITA003,HP-UX,Development,Italy,3
SSESP011,Solaris,Staging,Spain,11
ASDEU011,AIX,Staging,Germany,11
SSITA010,Solaris,Staging,Italy,10
LIITA006,Linux,Integration,Italy,6
LDDEU007,Linux,Development,Germany,7
AIIRL006,AIX,Integration,Ireland,6
LSDEU016,Linux,Staging,Germany,16
LPITA017,Linux,Production,Italy,17
LDDEU008,Linux,Development,Germany,8
LTIRL031,Linux,Testing,Ireland,31
LPITA018,Linux,Production,Italy,18
SSIRL014,Solaris,Staging,Ireland,14
APITA012,AIX,Production,Italy,12
SSDEU013,Solaris,Staging,Germany,13
APESP005,AIX,Production,Spain,5
LPDEU023,Linux,Production,Germany,23
SPDEU016,Solaris,Production,Germany,16
ADIRL005,AIX,Development,Ireland,5
ASIRL011,AIX,Staging,Ireland,11
SSNOR001,Solaris,Staging,Norway,1
STESP009,Solaris,Testing,Spain,9
LPITA019,Linux,Production,Italy,19
ATITA006,AIX,Testing,Italy,6
SSIRL015,Solaris,Staging,Ireland,15
SIDEU004,Solaris,Integration,Germany,4
LPDEU024,Linux,Production,Germany,24
ASDEU012,AIX,Staging,Germany,12
SDIRL010,Solaris,Development,Ireland,10
LPIRL027,Linux,Production,Ireland,27
LTESP020,Linux,Testing,Spain,20
SSIRL016,Solaris,Staging,Ireland,16
STIRL015,Solaris,Testing,Ireland,15
LSIRL032,Linux,Staging,Ireland,32
HTIRL007,HP-UX,Testing,Ireland,7
ATESP008,AIX,Testing,Spain,8
STESP010,Solaris,Testing,Spain,10
SPIRL018,Solaris,Production,Ireland,18
LPIRL028,Linux,Production,Ireland,28
ASDEU013,AIX,Staging,Germany,13
SPNOR007,Solaris,Production,Norway,7
LTIRL032,Linux,Testing,Ireland,32
LPDEU025,Linux,Production,Germany,25
ATIRL016,AIX,Testing,Ireland,16
LSITA012,Linux,Staging,Italy,12
HTDEU003,HP-UX,Testing,Germany,3
AIITA005,AIX,Integration,Italy,5
LTIRL033,Linux,Testing,Ireland,33
LSNOR007,Linux,Staging,Norway,7
APITA013,AIX,Production,Italy,13
LDIRL012,Linux,Development,Ireland,12
LPIRL029,Linux,Production,Ireland,29
LTESP021,Linux,Testing,Spain,21
STDEU018,Solaris,Testing,Germany,18
HTIRL008,HP-UX,Testing,Ireland,8
ATDEU012,AIX,Testing,Germany,12
LSIRL033,Linux,Staging,Ireland,33
LDDEU009,Linux,Development,Germany,9
SDESP005,Solaris,Development,Spain,5
LDDEU010,Linux,Development,Germany,10
LTIRL034,Linux,Testing,Ireland,34
HPNOR002,HP-UX,Production,Norway,2
SPITA018,Solaris,Production,Italy,18
ADDEU009,AIX,Development,Germany,9
LIIRL008,Linux,Integration,Ireland,8
LIDEU008,Linux,Integration,Germany,8
ATDEU013,AIX,Testing,Germany,13
LTDEU025,Linux,Testing,Germany,25
APDEU010,AIX,Production,Germany,10
APIRL024,AIX,Production,Ireland,24
LTDEU026,Linux,Testing,Germany,26
LPDEU026,Linux,Production,Germany,26
SPDEU017,Solaris,Production,Germany,17
LSNOR008,Linux,Staging,Norway,8
APITA014,AIX,Production,Italy,14
STIRL016,Solaris,Testing,Ireland,16
ATDEU014,AIX,Testing,Germany,14
LSIRL034,Linux,Staging,Ireland,34
LTITA017,Linux,Testing,Italy,17
LPESP018,Linux,Production,Spain,18
STITA013,Solaris,Testing,Italy,13
STIRL017,Solaris,Testing,Ireland,17
APDEU011,AIX,Production,Germany,11
SSDEU014,Solaris,Staging,Germany,14
ADDEU010,AIX,Development,Germany,10
LPDEU027,Linux,Production,Germany,27
LTDEU027,Linux,Testing,Germany,27
LDNOR002,Linux,Development,Norway,2
SSDEU015,Solaris,Staging,Germany,15
SPIRL019,Solaris,Production,Ireland,19
SDESP006,Solaris,Development,Spain,6
SSIRL017,Solaris,Staging,Ireland,17
LTDEU028,Linux,Testing,Germany,28
LPFRA010,Linux,Production,France,10
STESP011,Solaris,Testing,Spain,11
LTITA018,Linux,Testing,Italy,18
SIDEU005,Solaris,Integration,Germany,5
SIITA002,Solaris,Integration,Italy,2
LPIRL030,Linux,Production,Ireland,30
LSESP024,Linux,Staging,Spain,24
SSDEU016,Solaris,Staging,Germany,16
LDESP006,Linux,Development,Spain,6
LSDEU017,Linux,Staging,Germany,17
LSESP025,Linux,Staging,Spain,25
LIDEU009,Linux,Integration,Germany,9
APDEU012,AIX,Production,Germany,12
SPDEU018,Solaris,Production,Germany,18
LPITA020,Linux,Production,Italy,20
STITA014,Solaris,Testing,Italy,14
SPIRL020,Solaris,Production,Ireland,20
HTESP003,HP-UX,Testing,Spain,3
ASITA005,AIX,Staging,Italy,5
APESP006,AIX,Production,Spain,6
ATIRL017,AIX,Testing,Ireland,17
HIIRL001,HP-UX,Integration,Ireland,1
SPFRA008,Solaris,Production,France,8
AIIRL007,AIX,Integration,Ireland,7
SSESP012,Solaris,Staging,Spain,12
HSIRL007,HP-UX,Staging,Ireland,7
SSDEU017,Solaris,Staging,Germany,17
APDEU013,AIX,Production,Germany,13
APIRL025,AIX,Production,Ireland,25
LSFRA004,Linux,Staging,France,4
LPESP019,Linux,Production,Spain,19
LDIRL013,Linux,Development,Ireland,13
LDDEU011,Linux,Development,Germany,11
SSNOR002,Solaris,Staging,Norway,2
LPDEU028,Linux,Production,Germany,28
LPIRL031,Linux,Production,Ireland,31
SIDEU006,Solaris,Integration,Germany,6
LSDEU018,Linux,Staging,Germany,18
SSESP013,Solaris,Staging,Spain,13
ASIRL012,AIX,Staging,Ireland,12
LTDEU029,Linux,Testing,Germany,29
LSIRL035,Linux,Staging,Ireland,35
ATFRA004,AIX,Testing,France,4
LTESP022,Linux,Testing,Spain,22
SDNOR003,Solaris,Development,Norway,3
LPITA021,Linux,Production,Italy,21
LSESP026,Linux,Staging,Spain,26
LPIRL032,Linux,Production,Ireland,32
AIDEU007,AIX,Integration,Germany,7
LTESP023,Linux,Testing,Spain,23
LTFRA006,Linux,Testing,France,6
SPDEU019,Solaris,Production,Germany,19
ASESP007,AIX,Staging,Spain,7
LTESP024,Linux,Testing,Spain,24
APIRL026,AIX,Production,Ireland,26
HPESP008,HP-UX,Production,Spain,8
LSIRL036,Linux,Staging,Ireland,36
APFRA008,AIX,Production,France,8
HSITA003,HP-UX,Staging,Italy,3
APIRL027,AIX,Production,Ireland,27
SIITA003,Solaris,Integration,Italy,3
LTIRL035,Linux,Testing,Ireland,35
ASITA006,AIX,Staging,Italy,6
LSDEU019,Linux,Staging,Germany,19
LSDEU020,Linux,Staging,Germany,20
LSITA013,Linux,Staging,Italy,13
LSIRL037,Linux,Staging,Ireland,37
LIITA007,Linux,Integration,Italy,7
LTITA019,Linux,Testing,Italy,19
LTDEU030,Linux,Testing,Germany,30
ASITA007,AIX,Staging,Italy,7
SPDEU020,Solaris,Production,Germany,20
ATESP009,AIX,Testing,Spain,9
LPDEU029,Linux,Production,Germany,29
ATIRL018,AIX,Testing,Ireland,18
APIRL028,AIX,Production,Ireland,28
LTNOR008,Linux,Testing,Norway,8
ATIRL019,AIX,Testing,Ireland,19
LDIRL014,Linux,Development,Ireland,14
LDDEU012,Linux,Development,Germany,12
AIIRL008,AIX,Integration,Ireland,8
LIIRL009,Linux,Integration,Ireland,9
APESP007,AIX,Production,Spain,7
ADFRA002,AIX,Development,France,2
SPIRL021,Solaris,Production,Ireland,21
ATNOR004,AIX,Testing,Norway,4
SSESP014,Solaris,Staging,Spain,14
LDITA006,Linux,Development,Italy,6
LSDEU021,Linux,Staging,Germany,21
STDEU019,Solaris,Testing,Germany,19
SDIRL011,Solaris,Development,Ireland,11
LPITA022,Linux,Production,Italy,22
LPIRL033,Linux,Production,Ireland,33
HPDEU006,HP-UX,Production,Germany,6
LPESP020,Linux,Production,Spain,20
LPESP021,Linux,Production,Spain,21
HTFRA002,HP-UX,Testing,France,2
LTITA020,Linux,Testing,Italy,20
ASESP008,AIX,Staging,Spain,8
STIRL018,Solaris,Testing,Ireland,18
SSIRL018,Solaris,Staging,Ireland,18
LPITA023,Linux,Production,Italy,23
APDEU014,AIX,Production,Germany,14
SSIRL019,Solaris,Staging,Ireland,19
LTESP025,Linux,Testing,Spain,25
LPFRA011,Linux,Production,France,11
SIIRL005,Solaris,Integration,Ireland,5
STIRL019,Solaris,Testing,Ireland,19
LSESP027,Linux,Staging,Spain,27
LPDEU030,Linux,Production,Germany,30
LPESP022,Linux,Production,Spain,22
STIRL020,Solaris,Testing,Ireland,20
LSITA014,Linux,Staging,Italy,14
LPNOR003,Linux,Production,Norway,3
SSFRA011,Solaris,Staging,France,11
LDNOR003,Linux,Development,Norway,3
HSFRA003,HP-UX,Staging,France,3
LSITA015,Linux,Staging,Italy,15
SIIRL006,Solaris,Integration,Ireland,6
LPIRL034,Linux,Production,Ireland,34
LIITA008,Linux,Integration,Italy,8
LSITA016,Linux,Staging,Italy,16
LPITA024,Linux,Production,Italy,24
STITA015,Solaris,Testing,Italy,15
LSESP028,Linux,Staging,Spain,28
LPIRL035,Linux,Production,Ireland,35
ASIRL013,AIX,Staging,Ireland,13
APESP008,AIX,Production,Spain,8
STITA016,Solaris,Testing,Italy,16
SSIRL020,Solaris,Staging,Ireland,20
APNOR003,AIX,Production,Norway,3
LTIRL036,Linux,Testing,Ireland,36
SPDEU021,Solaris,Production,Germany,21
STDEU020,Solaris,Testing,Germany,20
STESP012,Solaris,Testing,Spain,12
ASIRL014,AIX,Staging,Ireland,14
LPFRA012,Linux,Production,France,12
ASDEU014,AIX,Staging,Germany,14
STESP013,Solaris,Testing,Spain,13
SPESP013,Solaris,Production,Spain,13
LPFRA013,Linux,Production,France,13
APDEU015,AIX,Production,Germany,15
LPIRL036,Linux,Production,Ireland,36
ASDEU015,AIX,Staging,Germany,15
LSDEU022,Linux,Staging,Germany,22
LTITA021,Linux,Testing,Italy,21
LIDEU010,Linux,Integration,Germany,10
LTIRL037,Linux,Testing,Ireland,37
LPESP023,Linux,Production,Spain,23
LDESP007,Linux,Development,Spain,7
STDEU021,Solaris,Testing,Germany,21
ATIRL020,AIX,Testing,Ireland,20
ASESP009,AIX,Staging,Spain,9
STIRL021,Solaris,Testing,Ireland,21
LTFRA007,Linux,Testing,France,7
LIITA009,Linux,Integration,Italy,9
SSITA011,Solaris,Staging,Italy,11
SPIRL022,Solaris,Production,Ireland,22
LTIRL038,Linux,Testing,Ireland,38
APNOR004,AIX,Production,Norway,4
AIIRL009,AIX,Integration,Ireland,9
STITA017,Solaris,Testing,Italy,17
LPDEU031,Linux,Production,Germany,31
ASFRA004,AIX,Staging,France,4
SPIRL023,Solaris,Production,Ireland,23
LSESP029,Linux,Staging,Spain,29
STIRL022,Solaris,Testing,Ireland,22
STDEU022,Solaris,Testing,Germany,22
ATESP010,AIX,Testing,Spain,10
ASIRL015,AIX,Staging,Ireland,15
LSESP030,Linux,Staging,Spain,30
LSITA017,Linux,Staging,Italy,17
APNOR005,AIX,Production,Norway,5
HSITA004,HP-UX,Staging,Italy,4
LSIRL038,Linux,Staging,Ireland,38
LPDEU032,Linux,Production,Germany,32
LIDEU011,Linux,Integration,Germany,11
LDIRL015,Linux,Development,Ireland,15
ATFRA005,AIX,Testing,France,5
APIRL029,AIX,Production,Ireland,29
SSNOR003,Solaris,Staging,Norway,3
LIITA010,Linux,Integration,Italy,10
APNOR006,AIX,Production,Norway,6
ADITA004,AIX,Development,Italy,4
STNOR001,Solaris,Testing,Norway,1
HSDEU002,HP-UX,Staging,Germany,2
APDEU016,AIX,Production,Germany,16
ATDEU015,AIX,Testing,Germany,15
SPDEU022,Solaris,Production,Germany,22
HIDEU004,HP-UX,Integration,Germany,4
ASNOR003,AIX,Staging,Norway,3
STDEU023,Solaris,Testing,Germany,23
STDEU024,Solaris,Testing,Germany,24
LSITA018,Linux,Staging,Italy,18
LPITA025,Linux,Production,Italy,25
LPFRA014,Linux,Production,France,14
ASFRA005,AIX,Staging,France,5
ATITA007,AIX,Testing,Italy,7
HTIRL009,HP-UX,Testing,Ireland,9
SPITA019,Solaris,Production,Italy,19
LPITA026,Linux,Production,Italy,26
LTITA022,Linux,Testing,Italy,22
ASIRL016,AIX,Staging,Ireland,16
SPESP014,Solaris,Production,Spain,14
SPIRL024,Solaris,Production,Ireland,24
ASFRA006,AIX,Staging,France,6
STITA018,Solaris,Testing,Italy,18
LTITA023,Linux,Testing,Italy,23
LIIRL010,Linux,Integration,Ireland,10
SPIRL025,Solaris,Production,Ireland,25
ADDEU011,AIX,Development,Germany,11
LTIRL039,Linux,Testing,Ireland,39
SSESP015,Solaris,Staging,Spain,15
LIESP007,Linux,Integration,Spain,7
LTIRL040,Linux,Testing,Ireland,40
ASESP010,AIX,Staging,Spain,10
SPIRL026,Solaris,Production,Ireland,26
SSITA012,Solaris,Staging,Italy,12
LPIRL037,Linux,Production,Ireland,37
LTDEU031,Linux,Testing,Germany,31
LINOR003,Linux,Integration,Norway,3
SSDEU018,Solaris,Staging,Germany,18
LTDEU032,Linux,Testing,Germany,32
LTITA024,Linux,Testing,Italy,24
APESP009,AIX,Production,Spain,9
ASESP011,AIX,Staging,Spain,11
HTIRL010,HP-UX,Testing,Ireland,10
LSESP031,Linux,Staging,Spain,31
LPITA027,Linux,Production,Italy,27
SSIRL021,Solaris,Staging,Ireland,21
LSITA019,Linux,Staging,Italy,19
ATDEU016,AIX,Testing,Germany,16
SPITA020,Solaris,Production,Italy,20
SIIRL007,Solaris,Integration,Ireland,7
SPESP015,Solaris,Production,Spain,15
HPESP009,HP-UX,Production,Spain,9
LPIRL038,Linux,Production,Ireland,38
LPITA028,Linux,Production,Italy,28
LSDEU023,Linux,Staging,Germany,23
SPDEU023,Solaris,Production,Germany,23
LSITA020,Linux,Staging,Italy,20
STDEU025,Solaris,Testing,Germany,25
APIRL030,AIX,Production,Ireland,30
LTESP026,Linux,Testing,Spain,26
ADIRL006,AIX,Development,Ireland,6
STIRL023,Solaris,Testing,Ireland,23
ATFRA006,AIX,Testing,France,6
LDDEU013,Linux,Development,Germany,13
STDEU026,Solaris,Testing,Germany,26
LSDEU024,Linux,Staging,Germany,24
SIDEU007,Solaris,Integration,Germany,7
LPITA029,Linux,Production,Italy,29
APNOR007,AIX,Production,Norway,7
SSESP016,Solaris,Staging,Spain,16
STDEU027,Solaris,Testing,Germany,27
LPESP024,Linux,Production,Spain,24
LSDEU025,Linux,Staging,Germany,25
LPDEU033,Linux,Production,Germany,33
SSIRL022,Solaris,Staging,Ireland,22
ASIRL017,AIX,Staging,Ireland,17
SPDEU024,Solaris,Production,Germany,24
LTIRL041,Linux,Testing,Ireland,41
SPIRL027,Solaris,Production,Ireland,27
SPITA021,Solaris,Production,Italy,21
LIFRA003,Linux,Integration,France,3
ATFRA007,AIX,Testing,France,7
SPESP016,Solaris,Production,Spain,16
HSIRL008,HP-UX,Staging,Ireland,8
LPFRA015,Linux,Production,France,15
STNOR002,Solaris,Testing,Norway,2
LTESP027,Linux,Testing,Spain,27
LDESP008,Linux,Development,Spain,8
SSESP017,Solaris,Staging,Spain,17
LTNOR009,Linux,Testing,Norway,9
LTFRA008,Linux,Testing,France,8
ATIRL021,AIX,Testing,Ireland,21
LIIRL011,Linux,Integration,Ireland,11
LSITA021,Linux,Staging,Italy,21
LDITA007,Linux,Development,Italy,7
STIRL024,Solaris,Testing,Ireland,24
LPITA030,Linux,Production,Italy,30
HSNOR002,HP-UX,Staging,Norway,2
STDEU028,Solaris,Testing,Germany,28
LTIRL042,Linux,Testing,Ireland,42
LPDEU034,Linux,Production,Germany,34
AIIRL010,AIX,Integration,Ireland,10
ASIRL018,AIX,Staging,Ireland,18
LPDEU035,Linux,Production,Germany,35
LDITA008,Linux,Development,Italy,8
SSESP018,Solaris,Staging,Spain,18
SIIRL008,Solaris,Integration,Ireland,8
LTITA025,Linux,Testing,Italy,25
LTNOR010,Linux,Testing,Norway,10
SDIRL012,Solaris,Development,Ireland,12
SPIRL028,Solaris,Production,Ireland,28
LSITA022,Linux,Staging,Italy,22
AIIRL011,AIX,Integration,Ireland,11
LTESP028,Linux,Testing,Spain,28
LSITA023,Linux,Staging,Italy,23
SSDEU019,Solaris,Staging,Germany,19
LPIRL039,Linux,Production,Ireland,39
SPIRL029,Solaris,Production,Ireland,29
LSIRL039,Linux,Staging,Ireland,39
LTDEU033,Linux,Testing,Germany,33
ATIRL022,AIX,Testing,Ireland,22
APESP010,AIX,Production,Spain,10
LTITA026,Linux,Testing,Italy,26
ATIRL023,AIX,Testing,Ireland,23
STIRL025,Solaris,Testing,Ireland,25
SSDEU020,Solaris,Staging,Germany,20
ATIRL024,AIX,Testing,Ireland,24
APIRL031,AIX,Production,Ireland,31
ASITA008,AIX,Staging,Italy,8
SSFRA012,Solaris,Staging,France,12
LSIRL040,Linux,Staging,Ireland,40
ASFRA007,AIX,Staging,France,7
ASITA009,AIX,Staging,Italy,9
SDIRL013,Solaris,Development,Ireland,13
SPIRL030,Solaris,Production,Ireland,30
LSESP032,Linux,Staging,Spain,32
LIFRA004,Linux,Integration,France,4
LPIRL040,Linux,Production,Ireland,40
LPDEU036,Linux,Production,Germany,36
ASITA010,AIX,Staging,Italy,10
HSESP006,HP-UX,Staging,Spain,6
HSITA005,HP-UX,Staging,Italy,5
LSESP033,Linux,Staging,Spain,33
HSITA006,HP-UX,Staging,Italy,6
ASDEU016,AIX,Staging,Germany,16
LSDEU026,Linux,Staging,Germany,26
SSIRL023,Solaris,Staging,Ireland,23
ATESP011,AIX,Testing,Spain,11
LPESP025,Linux,Production,Spain,25
LPDEU037,Linux,Production,Germany,37
HTIRL011,HP-UX,Testing,Ireland,11
STIRL026,Solaris,Testing,Ireland,26
SPDEU025,Solaris,Production,Germany,25
HTESP004,HP-UX,Testing,Spain,4
ATFRA008,AIX,Testing,France,8
APDEU017,AIX,Production,Germany,17
ATITA008,AIX,Testing,Italy,8
HPITA006,HP-UX,Production,Italy,6
LSIRL041,Linux,Staging,Ireland,41
LTIRL043,Linux,Testing,Ireland,43
HSIRL009,HP-UX,Staging,Ireland,9
SSIRL024,Solaris,Staging,Ireland,24
LPITA031,Linux,Production,Italy,31
HTIRL012,HP-UX,Testing,Ireland,12
LSIRL042,Linux,Staging,Ireland,42
SSFRA013,Solaris,Staging,France,13
APIRL032,AIX,Production,Ireland,32
LSITA024,Linux,Staging,Italy,24
LTESP029,Linux,Testing,Spain,29
SSDEU021,Solaris,Staging,Germany,21
LSFRA005,Linux,Staging,France,5
SSITA013,Solaris,Staging,Italy,13
LSESP034,Linux,Staging,Spain,34
SPDEU026,Solaris,Production,Germany,26
ATDEU017,AIX,Testing,Germany,17
APIRL033,AIX,Production,Ireland,33
LIESP008,Linux,Integration,Spain,8
LDDEU014,Linux,Development,Germany,14
HSITA007,HP-UX,Staging,Italy,7
APIRL034,AIX,Production,Ireland,34
LIESP009,Linux,Integration,Spain,9
APNOR008,AIX,Production,Norway,8
HPITA007,HP-UX,Production,Italy,7
LPESP026,Linux,Production,Spain,26
LDESP009,Linux,Development,Spain,9
HDIRL004,HP-UX,Development,Ireland,4
SIFRA004,Solaris,Integration,France,4
SSIRL025,Solaris,Staging,Ireland,25
ATITA009,AIX,Testing,Italy,9
LTFRA009,Linux,Testing,France,9
HPIRL007,HP-UX,Production,Ireland,7
APDEU018,AIX,Production,Germany,18
SPITA022,Solaris,Production,Italy,22
SPIRL031,Solaris,Production,Ireland,31
HTDEU004,HP-UX,Testing,Germany,4
SPESP017,Solaris,Production,Spain,17
SSIRL026,Solaris,Staging,Ireland,26
SSITA014,Solaris,Staging,Italy,14
LIESP010,Linux,Integration,Spain,10
STESP014,Solaris,Testing,Spain,14
LIITA011,Linux,Integration,Italy,11
ASIRL019,AIX,Staging,Ireland,19
LSESP035,Linux,Staging,Spain,35
STESP015,Solaris,Testing,Spain,15
HSITA008,HP-UX,Staging,Italy,8
LPFRA016,Linux,Production,France,16
SSIRL027,Solaris,Staging,Ireland,27
LSIRL043,Linux,Staging,Ireland,43
LSESP036,Linux,Staging,Spain,36
LTESP030,Linux,Testing,Spain,30
LIIRL012,Linux,Integration,Ireland,12
STDEU029,Solaris,Testing,Germany,29
STESP016,Solaris,Testing,Spain,16
AIDEU008,AIX,Integration,Germany,8
HTESP005,HP-UX,Testing,Spain,5
STESP017,Solaris,Testing,Spain,17
LTIRL044,Linux,Testing,Ireland,44
STDEU030,Solaris,Testing,Germany,30
LDFRA006,Linux,Development,France,6
SSIRL028,Solaris,Staging,Ireland,28
LPDEU038,Linux,Production,Germany,38
SPFRA009,Solaris,Production,France,9
LIFRA005,Linux,Integration,France,5
LPIRL041,Linux,Production,Ireland,41
LSESP037,Linux,Staging,Spain,37
AIDEU009,AIX,Integration,Germany,9
ASDEU017,AIX,Staging,Germany,17
LPFRA017,Linux,Production,France,17
LPIRL042,Linux,Production,Ireland,42
LPESP027,Linux,Production,Spain,27
SPNOR008,Solaris,Production,Norway,8
HIIRL002,HP-UX,Integration,Ireland,2
LTITA027,Linux,Testing,Italy,27
SSIRL029,Solaris,Staging,Ireland,29
STIRL027,Solaris,Testing,Ireland,27
HPIRL008,HP-UX,Production,Ireland,8
STIRL028,Solaris,Testing,Ireland,28
SIIRL009,Solaris,Integration,Ireland,9
LPFRA018,Linux,Production,France,18
STDEU031,Solaris,Testing,Germany,31
SPIRL032,Solaris,Production,Ireland,32
STIRL029,Solaris,Testing,Ireland,29
SPESP018,Solaris,Production,Spain,18
APESP011,AIX,Production,Spain,11
LPESP028,Linux,Production,Spain,28
LSIRL044,Linux,Staging,Ireland,44
APDEU019,AIX,Production,Germany,19
ATDEU018,AIX,Testing,Germany,18
HSDEU003,HP-UX,Staging,Germany,3
LPIRL043,Linux,Production,Ireland,43
LTDEU034,Linux,Testing,Germany,34
SSIRL030,Solaris,Staging,Ireland,30
LPDEU039,Linux,Production,Germany,39
SIESP004,Solaris,Integration,Spain,4
HTIRL013,HP-UX,Testing,Ireland,13
HSDEU004,HP-UX,Staging,Germany,4
SSFRA014,Solaris,Staging,France,14
LSESP038,Linux,Staging,Spain,38
HDIRL005,HP-UX,Development,Ireland,5
SPIRL033,Solaris,Production,Ireland,33
SPIRL034,Solaris,Production,Ireland,34
HSIRL010,HP-UX,Staging,Ireland,10
SPESP019,Solaris,Production,Spain,19
LPITA032,Linux,Production,Italy,32
SDITA007,Solaris,Development,Italy,7
APESP012,AIX,Production,Spain,12
SPITA023,Solaris,Production,Italy,23
STITA019,Solaris,Testing,Italy,19
LPIRL044,Linux,Production,Ireland,44
APIRL035,AIX,Production,Ireland,35
LSDEU027,Linux,Staging,Germany,27
STDEU032,Solaris,Testing,Germany,32
STFRA005,Solaris,Testing,France,5
APIRL036,AIX,Production,Ireland,36
LSITA025,Linux,Staging,Italy,25
HPITA008,HP-UX,Production,Italy,8
LPITA033,Linux,Production,Italy,33
LSIRL045,Linux,Staging,Ireland,45
LTNOR011,Linux,Testing,Norway,11
SPDEU027,Solaris,Production,Germany,27
APNOR009,AIX,Production,Norway,9
ASNOR004,AIX,Staging,Norway,4
ADITA005,AIX,Development,Italy,5
HPITA009,HP-UX,Production,Italy,9
HTESP006,HP-UX,Testing,Spain,6
LSNOR009,Linux,Staging,Norway,9
LTESP031,Linux,Testing,Spain,31
ADITA006,AIX,Development,Italy,6
LDDEU015,Linux,Development,Germany,15
LSFRA006,Linux,Staging,France,6
SPNOR009,Solaris,Production,Norway,9
LTESP032,Linux,Testing,Spain,32
HPDEU007,HP-UX,Production,Germany,7
APIRL037,AIX,Production,Ireland,37
ADNOR001,AIX,Development,Norway,1
ATITA010,AIX,Testing,Italy,10
LDIRL016,Linux,Development,Ireland,16
SDESP007,Solaris,Development,Spain,7
APESP013,AIX,Production,Spain,13
LIESP011,Linux,Integration,Spain,11
LPITA034,Linux,Production,Italy,34
ATIRL025,AIX,Testing,Ireland,25
LDDEU016,Linux,Development,Germany,16
LPESP029,Linux,Production,Spain,29
SPITA024,Solaris,Production,Italy,24
LIESP012,Linux,Integration,Spain,12
LDNOR004,Linux,Development,Norway,4
LINOR004,Linux,Integration,Norway,4
LIIRL013,Linux,Integration,Ireland,13
SIIRL010,Solaris,Integration,Ireland,10
SDIRL014,Solaris,Development,Ireland,14
LPFRA019,Linux,Production,France,19
LSIRL046,Linux,Staging,Ireland,46
LPIRL045,Linux,Production,Ireland,45
LPFRA020,Linux,Production,France,20
HPIRL009,HP-UX,Production,Ireland,9
ASDEU018,AIX,Staging,Germany,18
SSIRL031,Solaris,Staging,Ireland,31
LPESP030,Linux,Production,Spain,30
HDIRL006,HP-UX,Development,Ireland,6
LPIRL046,Linux,Production,Ireland,46
SPDEU028,Solaris,Production,Germany,28
ASIRL020,AIX,Staging,Ireland,20
ASESP012,AIX,Staging,Spain,12
SPESP020,Solaris,Production,Spain,20
ASIRL021,AIX,Staging,Ireland,21
HPDEU008,HP-UX,Production,Germany,8
SSITA015,Solaris,Staging,Italy,15
SSDEU022,Solaris,Staging,Germany,22
LPDEU040,Linux,Production,Germany,40
SPDEU029,Solaris,Production,Germany,29
LDITA009,Linux,Development,Italy,9
HTDEU005,HP-UX,Testing,Germany,5
LPITA035,Linux,Production,Italy,35
LTDEU035,Linux,Testing,Germany,35
ASDEU019,AIX,Staging,Germany,19
SDESP008,Solaris,Development,Spain,8
APIRL038,AIX,Production,Ireland,38
LIIRL014,Linux,Integration,Ireland,14
SSFRA015,Solaris,Staging,France,15
APESP014,AIX,Production,Spain,14
SSDEU023,Solaris,Staging,Germany,23
LPFRA021,Linux,Production,France,21
LTESP033,Linux,Testing,Spain,33
AIIRL012,AIX,Integration,Ireland,12
LTIRL045,Linux,Testing,Ireland,45
LSESP039,Linux,Staging,Spain,39
STIRL030,Solaris,Testing,Ireland,30
LIESP013,Linux,Integration,Spain,13
HPITA010,HP-UX,Production,Italy,10
STITA020,Solaris,Testing,Italy,20
SDITA008,Solaris,Development,Italy,8
LDESP010,Linux,Development,Spain,10
SPFRA010,Solaris,Production,France,10
ATITA011,AIX,Testing,Italy,11
LPDEU041,Linux,Production,Germany,41
SDESP009,Solaris,Development,Spain,9
LSDEU028,Linux,Staging,Germany,28
HTIRL014,HP-UX,Testing,Ireland,14
SDITA009,Solaris,Development,Italy,9
LIFRA006,Linux,Integration,France,6
LDNOR005,Linux,Development,Norway,5
LTESP034,Linux,Testing,Spain,34
SSITA016,Solaris,Staging,Italy,16
SPESP021,Solaris,Production,Spain,21
LIESP014,Linux,Integration,Spain,14
SPIRL035,Solaris,Production,Ireland,35
HSITA009,HP-UX,Staging,Italy,9
LPIRL047,Linux,Production,Ireland,47
SSIRL032,Solaris,Staging,Ireland,32
HSESP007,HP-UX,Staging,Spain,7
LPESP031,Linux,Production,Spain,31
LTIRL046,Linux,Testing,Ireland,46
APITA015,AIX,Production,Italy,15
LTIRL047,Linux,Testing,Ireland,47
LTITA028,Linux,Testing,Italy,28
ATNOR005,AIX,Testing,Norway,5
SPNOR010,Solaris,Production,Norway,10
HSITA010,HP-UX,Staging,Italy,10
SPITA025,Solaris,Production,Italy,25
ADIRL007,AIX,Development,Ireland,7
APIRL039,AIX,Production,Ireland,39
LPITA036,Linux,Production,Italy,36
SSIRL033,Solaris,Staging,Ireland,33
ASIRL022,AIX,Staging,Ireland,22
AIIRL013,AIX,Integration,Ireland,13
LTIRL048,Linux,Testing,Ireland,48
APESP015,AIX,Production,Spain,15
LPFRA022,Linux,Production,France,22
APIRL040,AIX,Production,Ireland,40
LPESP032,Linux,Production,Spain,32
LIIRL015,Linux,Integration,Ireland,15
ATIRL026,AIX,Testing,Ireland,26
HSFRA004,HP-UX,Staging,France,4
STIRL031,Solaris,Testing,Ireland,31
